[{
  "_id": {
    "$oid": "65ef2c368c121ad8a56dabc2"
  },
  "title": "G.U.N.N.E.R.",
  "description": "Продержись как можно дольше, отбиваясь от врагов, которых будет становиться всё больше.",
  "developer": "IDKWIAm",
  "image": "https://code.s3.yandex.net/teens/pindie-games/gunner/cover.png",
  "link": "https://code.s3.yandex.net/teens/pindie-games/gunner/game/index.html",
  "categories": [
    {
      "$oid": "65ef2d848c121ad8a56dabc9"
    },
    {
      "$oid": "65ef2d1f8c121ad8a56dabc6"
    }
  ],
  
  "users": [
    {
      "$oid": "65ef1f358c121ad8a56dabb6"
    }
  ]
}]